"Index","Partition","ExpectedBytes","BackupFile","ActualBytes","SizeMatches","SHA256","FinalSource","FinalSHA256","FinalSizeMatches"
"0","0:SBL1","524288","mtd0_0SBL1.bin","524288","True","61754e81ce3da271c89cabcd11691f74eb55d3c8c7b66b35dcc8dcedfdb725fc","raw-mtd/mtd0_0SBL1.bin","61754e81ce3da271c89cabcd11691f74eb55d3c8c7b66b35dcc8dcedfdb725fc","True"
"1","0:MIBIB","524288","mtd1_0MIBIB.bin","524288","True","c56efb1b07051d2c799b20cec147ac5ba672a72c5bad4529ec7de865ac54becd","raw-mtd/mtd1_0MIBIB.bin","c56efb1b07051d2c799b20cec147ac5ba672a72c5bad4529ec7de865ac54becd","True"
"2","0:BOOTCONFIG","262144","mtd2_0BOOTCONFIG.bin","262144","True","6a15bd292f617407cbc1487a8f3b2249621a0f11709d1cbba657f907a312ebf0","raw-mtd/mtd2_0BOOTCONFIG.bin","6a15bd292f617407cbc1487a8f3b2249621a0f11709d1cbba657f907a312ebf0","True"
"3","0:BOOTCONFIG1","262144","mtd3_0BOOTCONFIG1.bin","262144","True","6a15bd292f617407cbc1487a8f3b2249621a0f11709d1cbba657f907a312ebf0","raw-mtd/mtd3_0BOOTCONFIG1.bin","6a15bd292f617407cbc1487a8f3b2249621a0f11709d1cbba657f907a312ebf0","True"
"4","0:QSEE","1048576","mtd4_0QSEE.bin","1048576","True","292dc7bd247efac022a4cd49e58c8ba0d8f114e52a6058c2820d9c7fdb20f97d","raw-mtd/mtd4_0QSEE.bin","292dc7bd247efac022a4cd49e58c8ba0d8f114e52a6058c2820d9c7fdb20f97d","True"
"5","0:QSEE_1","1048576","mtd5_0QSEE1.bin","1048576","True","292dc7bd247efac022a4cd49e58c8ba0d8f114e52a6058c2820d9c7fdb20f97d","raw-mtd/mtd5_0QSEE1.bin","292dc7bd247efac022a4cd49e58c8ba0d8f114e52a6058c2820d9c7fdb20f97d","True"
"6","0:DEVCFG","262144","mtd6_0DEVCFG.bin","262144","True","0d865d81cb4b4ec34bd7a2e26958364eeca5db3d2118e3379f89d747a59b1e3e","raw-mtd/mtd6_0DEVCFG.bin","0d865d81cb4b4ec34bd7a2e26958364eeca5db3d2118e3379f89d747a59b1e3e","True"
"7","0:DEVCFG_1","262144","mtd7_0DEVCFG1.bin","262144","True","0d865d81cb4b4ec34bd7a2e26958364eeca5db3d2118e3379f89d747a59b1e3e","raw-mtd/mtd7_0DEVCFG1.bin","0d865d81cb4b4ec34bd7a2e26958364eeca5db3d2118e3379f89d747a59b1e3e","True"
"8","0:CDT","262144","mtd8_0CDT.bin","262144","True","69bb06be108c5f1f19d105e3845ec9dbdf893bec897e6b83a6b8d9e8529c0fb8","raw-mtd/mtd8_0CDT.bin","69bb06be108c5f1f19d105e3845ec9dbdf893bec897e6b83a6b8d9e8529c0fb8","True"
"9","0:CDT_1","262144","mtd9_0CDT1.bin","262144","True","69bb06be108c5f1f19d105e3845ec9dbdf893bec897e6b83a6b8d9e8529c0fb8","raw-mtd/mtd9_0CDT1.bin","69bb06be108c5f1f19d105e3845ec9dbdf893bec897e6b83a6b8d9e8529c0fb8","True"
"10","0:APPSBLENV","524288","mtd10_0APPSBLENV.bin","524288","True","5d4e938a13daea5c313ce89068c569ff9af8ee4d24ee5655c4b55f03aad159bd","raw-mtd/mtd10_0APPSBLENV.bin","5d4e938a13daea5c313ce89068c569ff9af8ee4d24ee5655c4b55f03aad159bd","True"
"11","0:APPSBL","1310720","mtd11_0APPSBL.bin","1310720","True","5a7870fd9463ad6e7c1077a3e8da550d9a1f0fba100149de6ef857a4f38d4334","raw-mtd/mtd11_0APPSBL.bin","5a7870fd9463ad6e7c1077a3e8da550d9a1f0fba100149de6ef857a4f38d4334","True"
"12","0:APPSBL_1","1310720","mtd12_0APPSBL1.bin","1310720","True","5a7870fd9463ad6e7c1077a3e8da550d9a1f0fba100149de6ef857a4f38d4334","raw-mtd/mtd12_0APPSBL1.bin","5a7870fd9463ad6e7c1077a3e8da550d9a1f0fba100149de6ef857a4f38d4334","True"
"13","0:ART","1048576","mtd13_0ART.bin","1048576","True","5a23f8c974506d60e2eba8805d85b0e9aed551b98da3309026360809fd4e81a6","raw-mtd/mtd13_0ART.bin","5a23f8c974506d60e2eba8805d85b0e9aed551b98da3309026360809fd4e81a6","True"
"14","0:TRAINING","524288","mtd14_0TRAINING.bin","524288","True","043e238a765f7cfbc62596a50e53c8ffb6b188a99357b0ebede251725d67589f","raw-mtd/mtd14_0TRAINING.bin","043e238a765f7cfbc62596a50e53c8ffb6b188a99357b0ebede251725d67589f","True"
"15","bdata","524288","mtd15_bdata.bin","524288","True","a5fb06cdea500d4176f1283ad112451b51bcab5039779693bb492a94c3dc41e2","raw-mtd/mtd15_bdata.bin","a5fb06cdea500d4176f1283ad112451b51bcab5039779693bb492a94c3dc41e2","True"
"16","crash","524288","mtd16_crash.bin","524288","True","043e238a765f7cfbc62596a50e53c8ffb6b188a99357b0ebede251725d67589f","raw-mtd/mtd16_crash.bin","043e238a765f7cfbc62596a50e53c8ffb6b188a99357b0ebede251725d67589f","True"
"17","crash_log","524288","mtd17_crashlog.bin","524288","True","2ca92ec0cca5d3c60afb91194d03a06a70c6873fbe97718b2080b8620f14ab94","raw-mtd/mtd17_crashlog.bin","2ca92ec0cca5d3c60afb91194d03a06a70c6873fbe97718b2080b8620f14ab94","True"
"18","rootfs","37748736","mtd18_rootfs.bin","37748736","True","9e0cdce4aef0cada1a1236ea6a31b5e17a4e630c9bdb01b0a6b5ee793149cec7","raw-mtd/mtd18_rootfs.bin","9e0cdce4aef0cada1a1236ea6a31b5e17a4e630c9bdb01b0a6b5ee793149cec7","True"
"19","rootfs_1","37748736","mtd19_rootfs1.bin","37748736","True","78cb342aa78dc8ed79f28c378da80ac306e257232e513a270678278e168dc36f","raw-mtd/mtd19_rootfs1.bin","78cb342aa78dc8ed79f28c378da80ac306e257232e513a270678278e168dc36f","True"
"20","overlay","32505856","mtd20_overlay.bin","32505856","True","e79c45439390baebb0c44e41f3fd259f9a1fe762c2a6c5b51c858ae582394a39","raw-mtd/mtd20_overlay.bin","e79c45439390baebb0c44e41f3fd259f9a1fe762c2a6c5b51c858ae582394a39","True"
"21","data","14155776","mtd21_data.bin","14155776","True","6a86bfdb1c7a110c7e039df4090cf424bbf2d8d0d04a108a8c10e884b8086e15","raw-mtd/mtd21_data.bin","6a86bfdb1c7a110c7e039df4090cf424bbf2d8d0d04a108a8c10e884b8086e15","True"
"22","kernel","3555328","mtd22_kernel.bin","3555328","True","11a66bcdcf62b1344418916ae49b87645b6d42722c52c634df7e859b1fc88036","raw-mtd/mtd22_kernel.bin","11a66bcdcf62b1344418916ae49b87645b6d42722c52c634df7e859b1fc88036","True"
"23","ubi_rootfs","24125440","mtd23_ubirootfs.bin","24125440","True","aa1b9e6ed54a6f06f36e5be0434193607a3fc112a2cfe609d95a8a7ba8903fe4","raw-mtd/mtd23_ubirootfs.bin","aa1b9e6ed54a6f06f36e5be0434193607a3fc112a2cfe609d95a8a7ba8903fe4","True"
"24","rw_data","28442624","mtd24_rwdata.bin","0","False","","ubi-volumes/ubi1_0_rw_data.bin","d3ebb60de9d556b9c26f4420923f72a7d1cbfdb1f0ecd804def10b356d78aefa","True"
"25","data_ignor_reset","10665984","mtd25_dataignorreset.bin","0","False","","ubi-volumes/ubi2_0_data_ignor_reset.bin","d024d6f53448f19e22a533ec81c9ffa7062590d300a16d3505ecdea274e963e3","True"
